<?xml version="1.0" encoding="UTF-8"?>
<metadata xml:lang="zh"><Esri><CreaDate>20240827</CreaDate><CreaTime>14274600</CreaTime><ArcGISFormat>1.0</ArcGISFormat><SyncOnce>FALSE</SyncOnce><DataProperties><lineage><Process ToolSource="f:\program files\arcgis\pro\Resources\ArcToolbox\toolboxes\Data Management Tools.tbx\CreateFeatureclass" Date="20240827" Time="142746">CreateFeatureclass E:\4-研究实验们\1-森林扰动研究\3-道路文章\1-研究区边界 1 Polygon # 不支持 不支持 "GEOGCS["GCS_WGS_1984",DATUM["D_WGS_1984",SPHEROID["WGS_1984",6378137.0,298.257223563]],PRIMEM["Greenwich",0.0],UNIT["Degree",0.0174532925199433]];-400 -400 11258999068426.2;-100000 10000;-100000 10000;8.98315284119521E-09;0.001;0.001;IsHighPrecision" # 0 0 0 #</Process><Process ToolSource="f:\program files\arcgis\pro\Resources\ArcToolbox\toolboxes\Analysis Tools.tbx\PairwiseIntersect" Date="20240827" Time="144620">PairwiseIntersect 1;行政边界\NewRoi-6 E:\4-研究实验们\1-森林扰动研究\3-道路文章\1-研究区边界\NewRoi7.shp 所有属性 # 与输入相同</Process><Process ToolSource="f:\program files\arcgis\pro\Resources\ArcToolbox\toolboxes\Data Management Tools.tbx\UpdateSchema" Date="20240907" Time="103033">UpdateSchema "CIMDATA=&lt;CIMStandardDataConnection xsi:type='typens:CIMStandardDataConnection' xmlns:xsi='http://www.w3.org/2001/XMLSchema-instance' xmlns:xs='http://www.w3.org/2001/XMLSchema' xmlns:typens='http://www.esri.com/schemas/ArcGIS/3.0.0'&gt;&lt;WorkspaceConnectionString&gt;DATABASE=E:\4-研究实验们\1-森林扰动研究\3-道路文章\1-研究区边界&lt;/WorkspaceConnectionString&gt;&lt;WorkspaceFactory&gt;Shapefile&lt;/WorkspaceFactory&gt;&lt;Dataset&gt;NewRoi7.shp&lt;/Dataset&gt;&lt;DatasetType&gt;esriDTFeatureClass&lt;/DatasetType&gt;&lt;/CIMStandardDataConnection&gt;" &lt;operationSequence&gt;&lt;workflow&gt;&lt;AddField&gt;&lt;field_name&gt;area&lt;/field_name&gt;&lt;field_type&gt;FLOAT&lt;/field_type&gt;&lt;field_is_nullable&gt;False&lt;/field_is_nullable&gt;&lt;field_is_required&gt;False&lt;/field_is_required&gt;&lt;/AddField&gt;&lt;/workflow&gt;&lt;/operationSequence&gt;</Process><Process ToolSource="f:\program files\arcgis\pro\Resources\ArcToolbox\toolboxes\Data Management Tools.tbx\CalculateGeometryAttributes" Date="20240907" Time="103138">CalculateGeometryAttributes 研究区\NewRoi7 "area AREA_GEODESIC" # 平方千米 GEOGCS["GCS_WGS_1984",DATUM["D_WGS_1984",SPHEROID["WGS_1984",6378137.0,298.257223563]],PRIMEM["Greenwich",0.0],UNIT["Degree",0.0174532925199433]] 与输入相同</Process><Process ToolSource="f:\program files\arcgis\pro\Resources\ArcToolbox\toolboxes\Data Management Tools.tbx\CalculateGeometryAttributes" Date="20240912" Time="094355">CalculateGeometryAttributes 行政边界\NewRoi7 "area AREA_GEODESIC" # 平方千米 # 与输入相同</Process><Process ToolSource="f:\program files\arcgis\pro\Resources\ArcToolbox\toolboxes\Analysis Tools.tbx\PairwiseIntersect" Date="20241010" Time="212337">PairwiseIntersect 研究区\NewRoi7;研究区\RUS_adm2 E:\4-研究实验们\1-森林扰动研究\3-道路文章\1-研究区边界\NewRoi7县级.shp 所有属性 # 与输入相同</Process><Process ToolSource="f:\program files\arcgis\pro\Resources\ArcToolbox\toolboxes\Conversion Tools.tbx\ExportFeatures" Date="20250106" Time="172740">ExportFeatures 行政边界\NewRoi7县级 C:\Users\91390\Desktop\上传数据\roi.shp # NOT_USE_ALIAS "FID_NewRoi "FID_NewRoi" true true false 10 Long 0 10,First,#,行政边界\NewRoi7县级,FID_NewRoi,-1,-1;FID_1 "FID_1" true true false 10 Long 0 10,First,#,行政边界\NewRoi7县级,FID_1,-1,-1;Id "Id" true true false 6 Long 0 6,First,#,行政边界\NewRoi7县级,Id,-1,-1;FID_NewR_1 "FID_NewR_1" true true false 10 Long 0 10,First,#,行政边界\NewRoi7县级,FID_NewR_1,-1,-1;FID_12 "FID_12" true true false 10 Long 0 10,First,#,行政边界\NewRoi7县级,FID_12,-1,-1;Id_1 "Id_1" true true false 6 Long 0 6,First,#,行政边界\NewRoi7县级,Id_1,-1,-1;Name1 "Name1" true true false 254 Text 0 0,First,#,行政边界\NewRoi7县级,Name1,0,254;Name2 "Name2" true true false 254 Text 0 0,First,#,行政边界\NewRoi7县级,Name2,0,254;area "area" true true false 13 Float 0 0,First,#,行政边界\NewRoi7县级,area,-1,-1;FID_RUS_ad "FID_RUS_ad" true true false 10 Long 0 10,First,#,行政边界\NewRoi7县级,FID_RUS_ad,-1,-1;ID_0 "ID_0" true true false 10 Long 0 10,First,#,行政边界\NewRoi7县级,ID_0,-1,-1;ISO "ISO" true true false 3 Text 0 0,First,#,行政边界\NewRoi7县级,ISO,0,3;NAME_0 "NAME_0" true true false 75 Text 0 0,First,#,行政边界\NewRoi7县级,NAME_0,0,75;ID_12 "ID_12" true true false 10 Long 0 10,First,#,行政边界\NewRoi7县级,ID_12,-1,-1;NAME_1 "NAME_1" true true false 75 Text 0 0,First,#,行政边界\NewRoi7县级,NAME_1,0,75;ID_2 "ID_2" true true false 10 Long 0 10,First,#,行政边界\NewRoi7县级,ID_2,-1,-1;NAME_2 "NAME_2" true true false 75 Text 0 0,First,#,行政边界\NewRoi7县级,NAME_2,0,75;HASC_2 "HASC_2" true true false 15 Text 0 0,First,#,行政边界\NewRoi7县级,HASC_2,0,15;CCN_2 "CCN_2" true true false 10 Long 0 10,First,#,行政边界\NewRoi7县级,CCN_2,-1,-1;CCA_2 "CCA_2" true true false 254 Text 0 0,First,#,行政边界\NewRoi7县级,CCA_2,0,254;TYPE_2 "TYPE_2" true true false 50 Text 0 0,First,#,行政边界\NewRoi7县级,TYPE_2,0,50;ENGTYPE_2 "ENGTYPE_2" true true false 50 Text 0 0,First,#,行政边界\NewRoi7县级,ENGTYPE_2,0,50;NL_NAME_2 "NL_NAME_2" true true false 75 Text 0 0,First,#,行政边界\NewRoi7县级,NL_NAME_2,0,75;VARNAME_2 "VARNAME_2" true true false 150 Text 0 0,First,#,行政边界\NewRoi7县级,VARNAME_2,0,150" #</Process><Process ToolSource="f:\program files\arcgis\pro\Resources\ArcToolbox\toolboxes\Conversion Tools.tbx\ExportFeatures" Date="20250107" Time="123113">ExportFeatures github\roi C:\Users\91390\Desktop\data\ROI.shp # NOT_USE_ALIAS "FID_NewRoi "FID_NewRoi" true true false 10 Long 0 10,First,#,github\roi,FID_NewRoi,-1,-1;FID_1 "FID_1" true true false 10 Long 0 10,First,#,github\roi,FID_1,-1,-1;Id "Id" true true false 6 Long 0 6,First,#,github\roi,Id,-1,-1;FID_NewR_1 "FID_NewR_1" true true false 10 Long 0 10,First,#,github\roi,FID_NewR_1,-1,-1;FID_12 "FID_12" true true false 10 Long 0 10,First,#,github\roi,FID_12,-1,-1;Id_1 "Id_1" true true false 6 Long 0 6,First,#,github\roi,Id_1,-1,-1;Name1 "Name1" true true false 254 Text 0 0,First,#,github\roi,Name1,0,254;Name2 "Name2" true true false 254 Text 0 0,First,#,github\roi,Name2,0,254;area "area" true true false 13 Float 0 0,First,#,github\roi,area,-1,-1;FID_RUS_ad "FID_RUS_ad" true true false 10 Long 0 10,First,#,github\roi,FID_RUS_ad,-1,-1;ID_0 "ID_0" true true false 10 Long 0 10,First,#,github\roi,ID_0,-1,-1;ISO "ISO" true true false 3 Text 0 0,First,#,github\roi,ISO,0,3;NAME_0 "NAME_0" true true false 75 Text 0 0,First,#,github\roi,NAME_0,0,75;ID_12 "ID_12" true true false 10 Long 0 10,First,#,github\roi,ID_12,-1,-1;NAME_1 "NAME_1" true true false 75 Text 0 0,First,#,github\roi,NAME_1,0,75;ID_2 "ID_2" true true false 10 Long 0 10,First,#,github\roi,ID_2,-1,-1;NAME_2 "NAME_2" true true false 75 Text 0 0,First,#,github\roi,NAME_2,0,75;HASC_2 "HASC_2" true true false 15 Text 0 0,First,#,github\roi,HASC_2,0,15;CCN_2 "CCN_2" true true false 10 Long 0 10,First,#,github\roi,CCN_2,-1,-1;CCA_2 "CCA_2" true true false 254 Text 0 0,First,#,github\roi,CCA_2,0,254;TYPE_2 "TYPE_2" true true false 50 Text 0 0,First,#,github\roi,TYPE_2,0,50;ENGTYPE_2 "ENGTYPE_2" true true false 50 Text 0 0,First,#,github\roi,ENGTYPE_2,0,50;NL_NAME_2 "NL_NAME_2" true true false 75 Text 0 0,First,#,github\roi,NL_NAME_2,0,75;VARNAME_2 "VARNAME_2" true true false 150 Text 0 0,First,#,github\roi,VARNAME_2,0,150" #</Process></lineage><itemProps><itemName Sync="TRUE">ROI</itemName><imsContentType Sync="TRUE">002</imsContentType><itemSize Sync="TRUE">0.000</itemSize><itemLocation><linkage Sync="TRUE">file://\\DESKTOP-RD3OHEA\C$\Users\91390\Desktop\data\ROI.shp</linkage><protocol Sync="TRUE">Local Area Network</protocol></itemLocation></itemProps><coordRef><type Sync="TRUE">Geographic</type><geogcsn Sync="TRUE">GCS_WGS_1984</geogcsn><csUnits Sync="TRUE">Angular Unit: Degree (0.017453)</csUnits><peXml Sync="TRUE">&lt;GeographicCoordinateSystem xsi:type='typens:GeographicCoordinateSystem' xmlns:xsi='http://www.w3.org/2001/XMLSchema-instance' xmlns:xs='http://www.w3.org/2001/XMLSchema' xmlns:typens='http://www.esri.com/schemas/ArcGIS/3.0.0'&gt;&lt;WKT&gt;GEOGCS[&amp;quot;GCS_WGS_1984&amp;quot;,DATUM[&amp;quot;D_WGS_1984&amp;quot;,SPHEROID[&amp;quot;WGS_1984&amp;quot;,6378137.0,298.257223563]],PRIMEM[&amp;quot;Greenwich&amp;quot;,0.0],UNIT[&amp;quot;Degree&amp;quot;,0.0174532925199433],AUTHORITY[&amp;quot;EPSG&amp;quot;,4326]]&lt;/WKT&gt;&lt;XOrigin&gt;-399.99999999999989&lt;/XOrigin&gt;&lt;YOrigin&gt;-399.99999999999989&lt;/YOrigin&gt;&lt;XYScale&gt;11258999068426.24&lt;/XYScale&gt;&lt;ZOrigin&gt;-100000&lt;/ZOrigin&gt;&lt;ZScale&gt;10000&lt;/ZScale&gt;&lt;MOrigin&gt;-100000&lt;/MOrigin&gt;&lt;MScale&gt;10000&lt;/MScale&gt;&lt;XYTolerance&gt;8.9831528411952133e-09&lt;/XYTolerance&gt;&lt;ZTolerance&gt;0.001&lt;/ZTolerance&gt;&lt;MTolerance&gt;0.001&lt;/MTolerance&gt;&lt;HighPrecision&gt;true&lt;/HighPrecision&gt;&lt;LeftLongitude&gt;-180&lt;/LeftLongitude&gt;&lt;WKID&gt;4326&lt;/WKID&gt;&lt;LatestWKID&gt;4326&lt;/LatestWKID&gt;&lt;/GeographicCoordinateSystem&gt;</peXml></coordRef></DataProperties><SyncDate>20250107</SyncDate><SyncTime>12311300</SyncTime><ModDate>20250107</ModDate><ModTime>12311300</ModTime></Esri><dataIdInfo><envirDesc Sync="TRUE">Microsoft Windows 8 Version 6.2 (Build 9200) ; Esri ArcGIS 13.0.0.36056</envirDesc><dataLang><languageCode value="zho" Sync="TRUE"></languageCode><countryCode value="CHN" Sync="TRUE"></countryCode></dataLang><idCitation><resTitle Sync="TRUE">ROI</resTitle><presForm><PresFormCd value="005" Sync="TRUE"></PresFormCd></presForm></idCitation><spatRpType><SpatRepTypCd value="001" Sync="TRUE"></SpatRepTypCd></spatRpType></dataIdInfo><mdLang><languageCode value="zho" Sync="TRUE"></languageCode><countryCode value="CHN" Sync="TRUE"></countryCode></mdLang><mdChar><CharSetCd value="004" Sync="TRUE"></CharSetCd></mdChar><distInfo><distFormat><formatName Sync="TRUE">Shapefile</formatName></distFormat><distTranOps><transSize Sync="TRUE">0.000</transSize></distTranOps></distInfo><mdHrLv><ScopeCd value="005" Sync="TRUE"></ScopeCd></mdHrLv><mdHrLvName Sync="TRUE">dataset</mdHrLvName><refSysInfo><RefSystem><refSysID><identCode code="4326" Sync="TRUE"></identCode><idCodeSpace Sync="TRUE">EPSG</idCodeSpace><idVersion Sync="TRUE">6.2(3.0.1)</idVersion></refSysID></RefSystem></refSysInfo><spatRepInfo><VectSpatRep><geometObjs Name="ROI"><geoObjTyp><GeoObjTypCd value="002" Sync="TRUE"></GeoObjTypCd></geoObjTyp><geoObjCnt Sync="TRUE">0</geoObjCnt></geometObjs><topLvl><TopoLevCd value="001" Sync="TRUE"></TopoLevCd></topLvl></VectSpatRep></spatRepInfo><spdoinfo><ptvctinf><esriterm Name="ROI"><efeatyp Sync="TRUE">Simple</efeatyp><efeageom code="4" Sync="TRUE"></efeageom><esritopo Sync="TRUE">FALSE</esritopo><efeacnt Sync="TRUE">0</efeacnt><spindex Sync="TRUE">FALSE</spindex><linrefer Sync="TRUE">FALSE</linrefer></esriterm></ptvctinf></spdoinfo><eainfo><detailed Name="ROI"><enttyp><enttypl Sync="TRUE">ROI</enttypl><enttypt Sync="TRUE">Feature Class</enttypt><enttypc Sync="TRUE">0</enttypc></enttyp><attr><attrlabl Sync="TRUE">FID</attrlabl><attalias Sync="TRUE">FID</attalias><attrtype Sync="TRUE">OID</attrtype><attwidth Sync="TRUE">4</attwidth><atprecis Sync="TRUE">0</atprecis><attscale Sync="TRUE">0</attscale><attrdef Sync="TRUE">Internal feature number.</attrdef><attrdefs Sync="TRUE">Esri</attrdefs><attrdomv><udom Sync="TRUE">Sequential unique whole numbers that are automatically generated.</udom></attrdomv></attr><attr><attrlabl Sync="TRUE">Shape</attrlabl><attalias Sync="TRUE">Shape</attalias><attrtype Sync="TRUE">Geometry</attrtype><attwidth Sync="TRUE">0</attwidth><atprecis Sync="TRUE">0</atprecis><attscale Sync="TRUE">0</attscale><attrdef Sync="TRUE">Feature geometry.</attrdef><attrdefs Sync="TRUE">Esri</attrdefs><attrdomv><udom Sync="TRUE">Coordinates defining the features.</udom></attrdomv></attr><attr><attrlabl Sync="TRUE">FID_1</attrlabl><attalias Sync="TRUE">FID_1</attalias><attrtype Sync="TRUE">Integer</attrtype><attwidth Sync="TRUE">10</attwidth><atprecis Sync="TRUE">10</atprecis><attscale Sync="TRUE">0</attscale></attr><attr><attrlabl Sync="TRUE">Id</attrlabl><attalias Sync="TRUE">Id</attalias><attrtype Sync="TRUE">Integer</attrtype><attwidth Sync="TRUE">6</attwidth><atprecis Sync="TRUE">6</atprecis><attscale Sync="TRUE">0</attscale></attr><attr><attrlabl Sync="TRUE">FID_NewRoi</attrlabl><attalias Sync="TRUE">FID_NewRoi</attalias><attrtype Sync="TRUE">Integer</attrtype><attwidth Sync="TRUE">10</attwidth><atprecis Sync="TRUE">10</atprecis><attscale Sync="TRUE">0</attscale></attr><attr><attrlabl Sync="TRUE">FID_NewR_1</attrlabl><attalias Sync="TRUE">FID_NewR_1</attalias><attrtype Sync="TRUE">Integer</attrtype><attwidth Sync="TRUE">10</attwidth><atprecis Sync="TRUE">10</atprecis><attscale Sync="TRUE">0</attscale></attr><attr><attrlabl Sync="TRUE">FID_12</attrlabl><attalias Sync="TRUE">FID_12</attalias><attrtype Sync="TRUE">Integer</attrtype><attwidth Sync="TRUE">10</attwidth><atprecis Sync="TRUE">10</atprecis><attscale Sync="TRUE">0</attscale></attr><attr><attrlabl Sync="TRUE">Id_1</attrlabl><attalias Sync="TRUE">Id_1</attalias><attrtype Sync="TRUE">Integer</attrtype><attwidth Sync="TRUE">6</attwidth><atprecis Sync="TRUE">6</atprecis><attscale Sync="TRUE">0</attscale></attr><attr><attrlabl Sync="TRUE">Name1</attrlabl><attalias Sync="TRUE">Name1</attalias><attrtype Sync="TRUE">String</attrtype><attwidth Sync="TRUE">254</attwidth><atprecis Sync="TRUE">0</atprecis><attscale Sync="TRUE">0</attscale></attr><attr><attrlabl Sync="TRUE">Name2</attrlabl><attalias Sync="TRUE">Name2</attalias><attrtype Sync="TRUE">String</attrtype><attwidth Sync="TRUE">254</attwidth><atprecis Sync="TRUE">0</atprecis><attscale Sync="TRUE">0</attscale></attr><attr><attrlabl Sync="TRUE">area</attrlabl><attalias Sync="TRUE">area</attalias><attrtype Sync="TRUE">Single</attrtype><attwidth Sync="TRUE">13</attwidth><atprecis Sync="TRUE">0</atprecis><attscale Sync="TRUE">0</attscale></attr><attr><attrlabl Sync="TRUE">FID_RUS_ad</attrlabl><attalias Sync="TRUE">FID_RUS_ad</attalias><attrtype Sync="TRUE">Integer</attrtype><attwidth Sync="TRUE">10</attwidth><atprecis Sync="TRUE">10</atprecis><attscale Sync="TRUE">0</attscale></attr><attr><attrlabl Sync="TRUE">ID_0</attrlabl><attalias Sync="TRUE">ID_0</attalias><attrtype Sync="TRUE">Integer</attrtype><attwidth Sync="TRUE">10</attwidth><atprecis Sync="TRUE">10</atprecis><attscale Sync="TRUE">0</attscale></attr><attr><attrlabl Sync="TRUE">ISO</attrlabl><attalias Sync="TRUE">ISO</attalias><attrtype Sync="TRUE">String</attrtype><attwidth Sync="TRUE">3</attwidth><atprecis Sync="TRUE">0</atprecis><attscale Sync="TRUE">0</attscale></attr><attr><attrlabl Sync="TRUE">NAME_0</attrlabl><attalias Sync="TRUE">NAME_0</attalias><attrtype Sync="TRUE">String</attrtype><attwidth Sync="TRUE">75</attwidth><atprecis Sync="TRUE">0</atprecis><attscale Sync="TRUE">0</attscale></attr><attr><attrlabl Sync="TRUE">ID_12</attrlabl><attalias Sync="TRUE">ID_12</attalias><attrtype Sync="TRUE">Integer</attrtype><attwidth Sync="TRUE">10</attwidth><atprecis Sync="TRUE">10</atprecis><attscale Sync="TRUE">0</attscale></attr><attr><attrlabl Sync="TRUE">NAME_1</attrlabl><attalias Sync="TRUE">NAME_1</attalias><attrtype Sync="TRUE">String</attrtype><attwidth Sync="TRUE">75</attwidth><atprecis Sync="TRUE">0</atprecis><attscale Sync="TRUE">0</attscale></attr><attr><attrlabl Sync="TRUE">ID_2</attrlabl><attalias Sync="TRUE">ID_2</attalias><attrtype Sync="TRUE">Integer</attrtype><attwidth Sync="TRUE">10</attwidth><atprecis Sync="TRUE">10</atprecis><attscale Sync="TRUE">0</attscale></attr><attr><attrlabl Sync="TRUE">NAME_2</attrlabl><attalias Sync="TRUE">NAME_2</attalias><attrtype Sync="TRUE">String</attrtype><attwidth Sync="TRUE">75</attwidth><atprecis Sync="TRUE">0</atprecis><attscale Sync="TRUE">0</attscale></attr><attr><attrlabl Sync="TRUE">HASC_2</attrlabl><attalias Sync="TRUE">HASC_2</attalias><attrtype Sync="TRUE">String</attrtype><attwidth Sync="TRUE">15</attwidth><atprecis Sync="TRUE">0</atprecis><attscale Sync="TRUE">0</attscale></attr><attr><attrlabl Sync="TRUE">CCN_2</attrlabl><attalias Sync="TRUE">CCN_2</attalias><attrtype Sync="TRUE">Integer</attrtype><attwidth Sync="TRUE">10</attwidth><atprecis Sync="TRUE">10</atprecis><attscale Sync="TRUE">0</attscale></attr><attr><attrlabl Sync="TRUE">CCA_2</attrlabl><attalias Sync="TRUE">CCA_2</attalias><attrtype Sync="TRUE">String</attrtype><attwidth Sync="TRUE">254</attwidth><atprecis Sync="TRUE">0</atprecis><attscale Sync="TRUE">0</attscale></attr><attr><attrlabl Sync="TRUE">TYPE_2</attrlabl><attalias Sync="TRUE">TYPE_2</attalias><attrtype Sync="TRUE">String</attrtype><attwidth Sync="TRUE">50</attwidth><atprecis Sync="TRUE">0</atprecis><attscale Sync="TRUE">0</attscale></attr><attr><attrlabl Sync="TRUE">ENGTYPE_2</attrlabl><attalias Sync="TRUE">ENGTYPE_2</attalias><attrtype Sync="TRUE">String</attrtype><attwidth Sync="TRUE">50</attwidth><atprecis Sync="TRUE">0</atprecis><attscale Sync="TRUE">0</attscale></attr><attr><attrlabl Sync="TRUE">NL_NAME_2</attrlabl><attalias Sync="TRUE">NL_NAME_2</attalias><attrtype Sync="TRUE">String</attrtype><attwidth Sync="TRUE">75</attwidth><atprecis Sync="TRUE">0</atprecis><attscale Sync="TRUE">0</attscale></attr><attr><attrlabl Sync="TRUE">VARNAME_2</attrlabl><attalias Sync="TRUE">VARNAME_2</attalias><attrtype Sync="TRUE">String</attrtype><attwidth Sync="TRUE">150</attwidth><atprecis Sync="TRUE">0</atprecis><attscale Sync="TRUE">0</attscale></attr></detailed></eainfo><mdDateSt Sync="TRUE">20250107</mdDateSt></metadata>
