<?xml version="1.0" encoding="UTF-8"?>
<metadata xml:lang="zh"><Esri><CreaDate>20250107</CreaDate><CreaTime>12254700</CreaTime><ArcGISFormat>1.0</ArcGISFormat><SyncOnce>TRUE</SyncOnce><DataProperties><lineage><Process ToolSource="f:\program files\arcgis\pro\Resources\ArcToolbox\toolboxes\Conversion Tools.tbx\PolygonToRaster" Date="20250107" Time="122547">PolygonToRaster github\2010 gridcode "C:\Users\91390\Desktop\data\Road product\2010.tif" 像元中心 NONE E:\4-研究实验们\1-森林扰动研究\3-道路文章\2-研究区影像\new2010\new2010\new2010-0000000000-0000013568.tif DO_NOT_BUILD</Process></lineage></DataProperties></Esri></metadata>
