<?xml version="1.0" encoding="UTF-8"?>
<metadata xml:lang="zh"><Esri><CreaDate>20250107</CreaDate><CreaTime>12301800</CreaTime><ArcGISFormat>1.0</ArcGISFormat><SyncOnce>TRUE</SyncOnce><DataProperties><lineage><Process ToolSource="f:\program files\arcgis\pro\Resources\ArcToolbox\toolboxes\Conversion Tools.tbx\PolygonToRaster" Date="20250107" Time="123018">PolygonToRaster "github\Mining map2023" gridcode "C:\Users\91390\Desktop\data\Mining map\2023.tif" 像元中心 NONE E:\4-研究实验们\1-森林扰动研究\3-道路文章\2-研究区影像\new2010\new2010\new2010-0000000000-0000013568.tif DO_NOT_BUILD</Process></lineage></DataProperties></Esri></metadata>
